category,file_type,k,conciseness,distance_score,uniqueness_entropy,uncovered_branche_rate,unknown_rate,tree_complexity,unique_rate,semantic_coverage,family
greedy_tree_margin,0.0,500,0.024463705308775733,0.012106506456044386,0.5254554903896642,0.989100758396533,0.9783965330444203,15.855709642470206,0.061495124593716144,0.012242869174118329,ours
greedy_tree_margin,0.0,1000,0.0904225352112676,0.024560086646508772,0.5379662675082478,0.978136511375948,0.9464355362946912,15.694517876489707,0.07440953412784398,0.024555725991845266,ours
greedy_tree_margin,0.0,1500,0.8861755146262188,0.04873923737939578,0.5725045771700896,0.9669122426868906,0.8224702058504876,15.348320693391116,0.09759479956663056,0.04085164653836442,ours
greedy_tree_margin,0.0,2000,1.0417334777898157,0.06370138048078233,0.5866928061286982,0.9559263271939328,0.7666088840736728,15.088645720476707,0.11410617551462622,0.0559682228056573,ours
greedy_tree_margin,0.0,2500,0.9727843986998916,0.07390422677190123,0.5896551885182295,0.945092091007584,0.7650054171180932,14.809035752979415,0.12377031419284941,0.06573950204121562,ours
greedy_tree_margin,0.0,3000,0.9949295774647887,0.08560480908770907,0.5962112416177917,0.9342361863488624,0.7449620801733478,14.633521126760563,0.13562296858071507,0.07771237906546498,ours
greedy_tree_margin,0.0,3500,1.0056338028169014,0.09642943235176893,0.6027583203792773,0.9234019501625136,0.7342578548212351,14.475232936078006,0.14634886240520042,0.08853916671443571,ours
greedy_tree_margin,0.0,4000,1.0164680390032503,0.1072636685381182,0.6107025473201436,0.9125677139761647,0.7234236186348862,14.376273022751896,0.1571614301191766,0.09937340290078457,ours
greedy_tree_margin,0.0,4500,1.0271505958829903,0.11808242724420115,0.6179200323024102,0.9017334777898158,0.7127410617551463,14.203358613217768,0.16795232936078006,0.11019585685528079,ours
greedy_tree_margin,0.0,5000,1.037984832069339,0.12891666343054953,0.6256772391572903,0.890899241603467,0.7019068255687974,14.048905742145179,0.17878656554712893,0.12103009304162965,ours
greedy_tree_margin,0.0,5500,1.048819068255688,0.13975089961689768,0.6326484649415074,0.8800650054171181,0.6910725893824485,13.843900325027086,0.18959913326110509,0.1318643292279785,ours
greedy_tree_margin,0.0,6000,1.0570097508125678,0.15055155826712985,0.6392628808894484,0.8692307692307693,0.6812784398699891,13.576576381365113,0.20030335861321777,0.14268563596031392,ours
greedy_tree_margin,0.0,6500,1.0678439869989165,0.16138579445347845,0.646116687320311,0.8583965330444203,0.6704442036836403,13.392156013001083,0.21107258938244855,0.15351987214666277,ours
greedy_tree_margin,0.0,7000,1.0786782231852654,0.17222003063982727,0.6525462192234063,0.8475622968580715,0.6596099674972914,13.190964247020585,0.2218418201516793,0.16435410833301164,ours
greedy_tree_margin,0.0,7500,1.088949079089924,0.18302646697865832,0.6588401485021761,0.8367280606717227,0.6493391115926327,13.04786565547129,0.2324810400866739,0.17515990464937137,ours
greedy_tree_margin,0.0,8000,1.0994149512459372,0.19382635441516594,0.6655782195505192,0.8258938244853737,0.6388732394366197,12.907670639219935,0.24325027085590467,0.18596797615533014,ours
greedy_tree_margin,0.0,8500,1.1094474539544963,0.20465140882169508,0.6725029536671334,0.8150595882990249,0.6283423618634886,12.738569880823402,0.25399783315276275,0.1967982738296545,ours
greedy_tree_margin,0.0,9000,1.1509859154929578,0.21689046560565972,0.6788867748179767,0.8041603466955579,0.5935861321776815,12.482058504875406,0.26496208017334777,0.20846180758593172,ours
greedy_tree_margin,0.0,9500,1.805872156013001,0.2364596508774871,0.6958237881052498,0.7925460455037919,0.5176164680390033,12.153521126760563,0.28359696641386783,0.2258163310151313,ours
greedy_tree_margin,0.0,10000,2.5910075839653306,0.2597792478377884,0.7261301961768019,0.781646803900325,0.41391115926327193,11.832329360780065,0.306738894907909,0.24455133656566191,ours
greedy_tree_margin,0.0,10500,2.5939978331527627,0.2703508637609924,0.7320337973498298,0.7708125677139762,0.40630552546045506,11.654864572047671,0.31761646803900323,0.2551073027212646,ours
greedy_tree_margin,0.0,11000,2.6019934994582883,0.28117152689258784,0.7383260300534147,0.7599783315276273,0.3968147345612134,11.44088840736728,0.3287107258938245,0.26602056683340997,ours
greedy_tree_margin,0.0,11500,2.6082123510292523,0.29188530842876004,0.7437605476246174,0.7491440953412785,0.3882773564463705,11.250509209100759,0.3394149512459372,0.27671138099799036,ours
greedy_tree_margin,0.0,12000,2.6165980498374863,0.3026544042554634,0.7498026536035015,0.7383098591549295,0.3791115926327194,11.062296858071505,0.350249187432286,0.2874940801770391,ours
greedy_tree_margin,0.0,12500,2.625005417118093,0.31337691208368823,0.7552598112065078,0.7274756229685807,0.37001083423618636,10.89172264355363,0.361148429035753,0.29822096496630646,ours
greedy_tree_margin,0.0,13000,2.6318093174431203,0.324157136715441,0.7603370920334884,0.7166413867822319,0.3611700975081257,10.665395449620801,0.37209100758396535,0.3090311458802394,ours
greedy_tree_margin,0.0,13500,3.177724810400867,0.3512386545541898,0.7735886583832837,0.7057854821235103,0.28017334777898156,10.322925243770314,0.38868905742145177,0.3297411359450057,ours
greedy_tree_margin,0.0,14000,3.2695557963163595,0.3677232576413971,0.7890069791491745,0.6945828819068256,0.25098591549295773,10.06860238353196,0.4132394366197183,0.34900907580146606,ours
greedy_tree_margin,0.0,14500,3.4492524377031417,0.38240825740619344,0.7990552650798106,0.683510292524377,0.2343661971830986,9.85204767063922,0.4320260021668472,0.3639539432486097,ours
greedy_tree_margin,0.0,15000,3.5426868905742146,0.4011121194111541,0.8080826319470004,0.6708342361863489,0.22251354279523294,9.510877573131093,0.44916576381365114,0.38425192579655,ours
greedy_tree_margin,0.0,15500,3.5258288190682556,0.41374570953604206,0.8140620160584862,0.6570314192849405,0.2115709642470206,9.362123510292525,0.4613217768147346,0.39772300667759075,ours
greedy_tree_margin,0.0,16000,3.4768147345612133,0.422681928276895,0.8172204762076108,0.6461971830985915,0.2115709642470206,9.1873022751896,0.471614301191766,0.4077054488147527,ours
greedy_tree_margin,0.0,16500,3.416858071505959,0.4330261452808184,0.8212443623535001,0.6354496208017335,0.20732394366197182,8.955319609967498,0.4834019501625135,0.4188009216785669,ours
greedy_tree_margin,0.0,17000,3.339154929577465,0.4433214300078754,0.8248160274026822,0.6244853737811484,0.20294691224268688,8.771267605633803,0.4949295774647887,0.42978321636342876,ours
greedy_tree_margin,0.0,17500,3.315991332611051,0.4552016457759307,0.8289868483331689,0.6133044420368364,0.19258938244853738,8.58169014084507,0.5056121343445287,0.4413945185649274,ours
greedy_tree_margin,0.0,18000,3.2215601300108343,0.46529051890225737,0.833105602454077,0.6024485373781149,0.18923076923076923,8.40842903575298,0.5182881906825568,0.45298574707417655,ours
greedy_tree_margin,0.0,18500,3.290314192849404,0.47750328308615164,0.837991941296207,0.5916359696641387,0.1847887323943662,8.178439869989166,0.5317659804983749,0.46497859441949707,ours
greedy_tree_margin,0.0,19000,3.22738894907909,0.49115331723553257,0.8440400011916465,0.5771397616468039,0.1732827735644637,8.015189599133262,0.5428602383531961,0.48018384693239174,ours
greedy_tree_margin,0.0,19500,3.2300108342361864,0.5018851008667201,0.8500922044131052,0.5667172264355363,0.164875406283857,7.956944745395449,0.553261105092091,0.4906473870961167,ours
