method,k,fraction,median_occ_per_token,pct_tokens_ge_100,pct_codes_represented,pct_occ_represented,seq_cost_per_event,pct_codes_partly_unknown,unique_rate_relations,unique_rate_flat,n_unused_tokens,pct_concepts_self_token,median_concepts_per_token,mean_concepts_per_token,pct_tokens_shared,median_tokens_per_concept
ours,250,1.0,427.5,86.8,99.98167379352473,99.98772123699767,15.079776877335158,25.791081246182042,51.838729383017714,41.94868662186927,0,0.13439218081857054,272.0,656.472,100.0,9.0
truncation,250,1.0,66.0,34.4,1.5271838729383016,61.272781490641826,1.0,0.0,1.5271838729383016,1.5271838729383016,0,1.5271838729383016,1.0,1.0,0.0,1.0
ours,500,1.0,208.0,66.8,99.99389126450825,99.99122945499833,14.342138960515006,16.230910201588273,56.82956627978009,50.549786194257784,0,0.3970678069639585,133.0,352.874,100.0,9.0
truncation,500,1.0,24.0,17.2,3.054367745876603,67.68931221386097,1.0,0.0,3.054367745876603,3.054367745876603,0,3.054367745876603,1.0,1.0,0.0,1.0
ours,1000,1.0,95.0,48.3,100.0,100.0,12.735234787489695,10.268784361637142,62.33964569334148,58.68051313378131,1,1.1667684789248627,61.0,179.37437437437438,99.8998998998999,8.0
truncation,1000,1.0,9.0,8.6,6.108735491753206,71.97460050167517,1.0,0.0,6.108735491753206,6.108735491753206,0,6.108735491753206,1.0,1.0,0.0,1.0
ours,2000,1.0,38.5,29.65,100.0,100.0,10.997386377589503,5.302382406841784,69.26695174098961,67.08613317043371,4,3.921808185705559,27.0,81.7124248496994,98.64729458917836,7.0
truncation,2000,1.0,3.0,4.3,12.217470983506413,74.79345366521076,1.0,0.0,12.217470983506413,12.217470983506413,0,12.217470983506413,1.0,1.0,0.0,1.0
ours,3500,1.0,16.0,15.485714285714286,100.0,100.0,9.147906470908103,2.8711056811240074,75.07635919364691,73.88515577275504,7,11.062919975565059,12.0,38.892928714572,86.85943315201831,5.0
truncation,3500,1.0,1.0,2.457142857142857,21.380574221136225,77.42461716571067,1.0,0.0,21.380574221136225,21.380574221136225,0,21.380574221136225,1.0,1.0,0.0,1.0
ours,5000,1.0,7.0,9.120000000000001,100.0,100.0,7.919030328544616,1.4966401954795359,79.05314599877825,78.23457544288333,9,19.590714722052535,6.0,22.386094970947706,73.85293528351032,4.0
truncation,5000,1.0,1.0,1.72,30.543677458766034,80.0557806662106,1.0,0.0,30.543677458766034,30.543677458766034,0,30.543677458766034,1.0,1.0,0.0,1.0
ours,7500,1.0,3.0,4.546666666666667,100.0,100.0,6.54179164693294,0.708613317043372,83.92180818570556,83.46365302382407,21,34.434941967012826,2.0,10.972322503008424,56.25083567321835,3.0
truncation,7500,1.0,1.0,1.1466666666666667,45.815516188149054,84.4410531670438,1.0,0.0,45.815516188149054,45.815516188149054,0,45.815516188149054,1.0,1.0,0.0,1.0
ours,10000,1.0,1.0,2.4699999999999998,100.0,100.0,5.299356241996878,0.2565668906536347,88.45448992058644,88.14294441050703,52,49.56627978008552,1.0,5.80659429030961,42.983514274225975,1.0
truncation,10000,1.0,1.0,0.86,61.08735491753207,88.826325667877,1.0,0.0,61.08735491753207,61.08735491753207,0,61.08735491753207,1.0,1.0,0.0,1.0
ours,16370,1.0,1.0,0.6719609040928528,100.0,100.0,1.484116543001982,0.0,97.26328649969457,97.25106902871106,811,88.41172877214417,1.0,1.3635195063950125,11.549585448936307,1.0
truncation,16370,1.0,1.0,0.5253512522907758,100.0,100.0,1.0,0.0,100.0,100.0,0,100.0,1.0,1.0,0.0,1.0
