level,lam,Tokens_per_concept,distance_score,unique_rate,unknown_rate,semantic_coverage,uncovered_branche_rate
High,0.1,9.193889490790898,0.7083919912154167,0.6167663971997667,0.001983498624885407,0.9784595540572444,0.28882740228352366
High,0.2,9.622938578214852,0.7348178112145666,0.6812851070922576,0.0009067422285190433,0.9902789313866178,0.23251437619801651
High,0.3,10.123376948079008,0.7489672577812733,0.7039086590549212,0.0007917326443870322,0.9945903963796562,0.1683573631135928
High,0.4,10.204017001416785,0.7599724848968697,0.714499541628469,0.0005450454204517043,0.99715085314371,0.12956413034419534
High,0.5,10.107990665888824,0.7685785961396591,0.7168780731727644,0.00023168597383115257,0.9983969989392628,0.09447287273939495
High,0.6,9.984160346695557,0.7747410071768182,0.7156463038586549,0.00021668472372697722,0.9989331242939166,0.07367780648387366
High,0.7,9.89207100591716,0.7787258486618724,0.7139828319026585,0.00005000416701391783,0.9995184982405892,0.06386198849904158
High,0.8,9.80668055671306,0.7822780929952284,0.7111892657721477,0.000021668472372697727,0.9997462975499327,0.05045920493374448
High,0.9,9.776701391782648,0.7844599129288864,0.7066722226852238,1.666805567130594e-6,0.9998963881380623,0.041780148345695475
High,0.91,9.779431619301608,0.7846410951365802,0.7064538711559296,0.0,0.9999166933693986,0.041343445287107254
High,0.92,9.775356279689975,0.7847343150688941,0.7059504958746563,0.0,0.9999275961445437,0.04103175264605384
High,0.93,9.766498874906242,0.7848930389695974,0.7057904825402116,0.0,0.9999319925816579,0.04042336861405117
High,0.94,9.768520710059171,0.7849877360313813,0.7050237519793316,0.0,0.9999374633066368,0.039696641386782236
High,0.95,9.770750895907993,0.7851109241979862,0.7043553629469123,0.0,0.999945833064761,0.03913659471622635
High,0.96,9.744362030169182,0.7853491573575385,0.7037453121093424,0.0,0.9999543504456542,0.03848154012834403
High,0.97,9.745723810317527,0.785341945782332,0.7036936411367614,0.0,0.9999653542407761,0.0376681390115843
High,0.98,9.742385198766563,0.7855521477694036,0.7031352612717726,0.0,0.9999732314703452,0.03623801983498625
High,0.99,9.713841153429453,0.7858315768990441,0.7018518209850821,0.0,0.9999813117970591,0.03348612384365364
High,1.0,10.84930077506459,0.6875606281221691,0.46812234352862736,0.0,0.9999997727841449,0.003061921826818902
Low,0.1,4.941438453204435,0.8567132137189611,0.7813001083423619,0.0,0.9941457536320217,0.11695307942328528
Low,0.2,4.919898324860405,0.8781187997651565,0.8479806650554214,0.0,0.9979117540369489,0.0755812984415368
Low,0.3,4.896149679139929,0.888429043928837,0.8721276773064423,0.0,0.9993068568900336,0.043443620301691806
Low,0.4,4.82014501208434,0.8953735423880848,0.8853937828152346,0.0,0.9996679443395671,0.027252271022585213
Low,0.5,4.725925493791149,0.8999344403946519,0.8936778064838736,0.0,0.9998517458086974,0.015949662471872655
Low,0.6,4.6493407783982,0.9029967897217517,0.8995599633302775,0.0,0.9999671188303267,0.01087923993666139
Low,0.7,4.5630969247437285,0.9053819574740184,0.9018584882073506,0.0,0.9999968431346328,0.007638969914159513
Low,0.8,4.496601383448621,0.9070863136517799,0.9017634802900242,0.0,0.9999987135429055,0.005772147678973248
Low,0.9,4.431485957163097,0.90835515600339,0.9042036836403035,0.0,0.9999992469027836,0.004048670722560214
Low,0.91,4.43354612884407,0.9083734046814729,0.9043236936411367,0.0,0.9999992523984254,0.004043670305858822
Low,0.92,4.42949745812151,0.9084516738672609,0.9038453204433703,0.0,0.9999994399471054,0.0038503208600716727
Low,0.93,4.429684140345029,0.9084811363860492,0.9043770314192849,0.0,0.9999993683099949,0.0038869905825485458
Low,0.94,4.425270439203267,0.9086600096612497,0.9037036419701642,0.0,0.9999997716858501,0.0032786065505458787
Low,0.95,4.424508709059088,0.9086957353512932,0.9044403700308359,0.0,0.9999997830770178,0.003321943495291274
Low,0.96,4.420253354446204,0.9088305380912671,0.9049487457288107,0.0,0.9999997793361218,0.0032786065505458787
Low,0.97,4.41615467955663,0.9089284331634104,0.9048454037836486,0.0,0.9999998566106523,0.0030685890490874243
Low,0.98,4.4171597633136095,0.9089358303027327,0.9053621135094592,0.0,0.9999998790050999,0.0029802483540295023
Low,0.99,4.415527960663389,0.9090041904464741,0.9053421118426536,0.0,0.999999929714751,0.002751895991332611
Low,1.0,6.489314109509126,0.7865123492216713,0.6304808734061171,0.0,1.0,0.0
Mid,0.1,6.83251270939245,0.7965589677198891,0.7309575797983165,0.0,0.990411088629388,0.1844070339194933
Mid,0.2,6.779503291940996,0.8226514355185776,0.7978514876239686,0.0,0.9959447190433194,0.131959329944162
Mid,0.3,6.8398333194432865,0.8371510341583112,0.8226002166847237,0.0,0.998610579443657,0.08136678056504709
Mid,0.4,6.727922326860571,0.8474406101951026,0.8391899324943745,0.0,0.9993161230258172,0.05455621301775148
Mid,0.5,6.530677556463038,0.8558763971084795,0.8456821401783482,0.0,0.9996129004026353,0.030242520210017502
Mid,0.6,6.388804067005584,0.8608536167460852,0.8498124843736978,0.0,0.9998591014673275,0.021443453621135092
Mid,0.7,6.270169180765064,0.8647611736302276,0.8540978414867906,0.0,0.9999629420501466,0.015324610384198682
Mid,0.8,6.173404450370864,0.867413204440761,0.855289607467289,0.0,0.9999908764146395,0.011659304942078508
Mid,0.9,6.0761196766397205,0.8696057034519697,0.8559713309442454,0.0,0.9999985032412408,0.007463955329610801
Mid,0.91,6.072776064672056,0.8697449164147136,0.8559379948329027,0.0,0.999998484390641,0.007380615051254272
Mid,0.92,6.068030669222436,0.8698417766349744,0.8561346778898241,0.0,0.999998653650066,0.0071039253271105935
Mid,0.93,6.0627535627969,0.8699399784046332,0.8560263355279607,0.0,0.999998653732093,0.007168930744228686
Mid,0.94,6.056571380948412,0.870182989826024,0.8559463288607384,0.0,0.9999993313961434,0.006158846570547546
Mid,0.95,6.0463388615717975,0.870340125353668,0.856144678723227,0.0,0.9999993936824244,0.006143845320443371
Mid,0.96,6.040605050420869,0.8704526794676314,0.8562546878906575,0.0,0.9999993382237194,0.006190515876323027
Mid,0.97,6.031045920493375,0.8706751559585424,0.8562663555296275,0.0,0.9999994776933386,0.005718809900825068
Mid,0.98,6.025893824485374,0.8708410921131974,0.8567647303941995,0.0,0.9999996392270779,0.00549879156596383
Mid,0.99,6.0204683723643635,0.8710043383400478,0.8567947328944079,0.0,0.9999998059101869,0.004925410450870906
Mid,1.0,8.207215601300108,0.7462945749625658,0.5696541378448204,0.0,1.0,0.0
