level,lam,conciseness,distance_score,unique_rate,unknown_rate,semantic_coverage,uncovered_branche_rate
High,0.0,0.8670322526877239,0.09315359159419118,0.14294024502041836,0.7645387115592966,0.08648297711259628,0.9235152929410784
High,0.1,18.848540711725978,0.667415100466896,0.6167663971997667,0.001983498624885407,0.9784595540572444,0.28882740228352366
High,0.2,18.622616884740395,0.7036492603483906,0.6812851070922576,0.0009067422285190432,0.990278931386618,0.23251437619801651
High,0.3,18.605095424618717,0.7245557226684648,0.7039086590549212,0.0007917326443870322,0.9945903963796562,0.1683573631135928
High,0.4,18.373074422868573,0.7388486636201861,0.714499541628469,0.0005450454204517043,0.99715085314371,0.12956413034419534
High,0.5,18.00665055421285,0.7493623978013857,0.7168780731727644,0.00023168597383115257,0.9983969989392628,0.09447287273939495
High,0.6,17.43011417618135,0.7569850928285918,0.7156463038586549,0.00021668472372697722,0.9989331242939166,0.07367780648387366
High,0.7,16.99179764980415,0.761904202366646,0.7139828319026585,0.00005000416701391783,0.9995184982405892,0.06386198849904158
High,0.8,16.62967747312276,0.7660196934828462,0.7111892657721477,0.000021668472372697727,0.9997462975499329,0.05045920493374448
High,0.9,16.31272106008834,0.768908299901356,0.7066722226852238,1.666805567130594e-6,0.9998963881380623,0.041780148345695475
High,0.91,9.779431619301608,0.7846410951365805,0.7064538711559296,0.0,0.9999166933693986,0.041343445287107254
High,0.92,9.775356279689975,0.7847343150688945,0.7059504958746563,0.0,0.9999275961445437,0.04103175264605384
High,0.93,9.766498874906242,0.7848930389695976,0.7057904825402116,0.0,0.9999319925816579,0.04042336861405117
High,0.94,9.768520710059171,0.7849877360313813,0.7050237519793316,0.0,0.9999374633066369,0.039696641386782236
High,0.95,9.770750895907993,0.7851109241979863,0.7043553629469123,0.0,0.999945833064761,0.03913659471622635
High,0.96,9.744362030169182,0.7853491573575386,0.7037453121093424,0.0,0.9999543504456542,0.03848154012834403
High,0.97,9.745723810317527,0.785341945782332,0.7036936411367614,0.0,0.9999653542407761,0.0376681390115843
High,0.98,9.742385198766563,0.7855521477694037,0.7031352612717726,0.0,0.9999732314703453,0.03623801983498625
High,0.99,9.713841153429453,0.785831576899044,0.7018518209850821,0.0,0.9999813117970591,0.03348612384365364
High,1.0,17.267692307692307,0.6619335681410958,0.46812234352862736,0.0,0.9999997727841449,0.003061921826818902
Mid,0.0,1.9693824485373783,0.2500345982548627,0.29816151345945496,0.4925360446703892,0.23797655228541095,0.7819968330694225
Mid,0.1,11.119288274022836,0.7672640295520782,0.7309575797983165,0.0,0.990411088629388,0.1844070339194933
Mid,0.2,10.120508375697975,0.8034664521472591,0.7978514876239686,0.0,0.9959447190433194,0.131959329944162
Mid,0.3,9.631392616051338,0.8238994210069912,0.8226002166847237,0.0,0.998610579443657,0.08136678056504709
Mid,0.4,9.093744478706558,0.837133770629485,0.8391899324943745,0.0,0.9993161230258172,0.05455621301775148
Mid,0.5,8.508645720476705,0.8479186984623021,0.8456821401783482,0.0,0.9996129004026353,0.030242520210017502
Mid,0.6,8.074697891490958,0.8540723544623805,0.8498124843736978,0.0,0.9998591014673276,0.021443453621135092
Mid,0.7,7.686387198933245,0.8589667961851958,0.8540978414867906,0.0,0.9999629420501466,0.015324610384198682
Mid,0.8,7.4685707142261855,0.8621000073459915,0.855289607467289,0.0,0.9999908764146395,0.011659304942078506
Mid,0.9,7.131462621885158,0.8651168520448582,0.8559713309442454,0.0,0.9999985032412408,0.007463955329610801
Mid,0.91,6.072776064672056,0.8697449164147132,0.8559379948329027,0.0,0.999998484390641,0.007380615051254272
Mid,0.92,6.068030669222436,0.8698417766349742,0.8561346778898241,0.0,0.9999986536500661,0.0071039253271105935
Mid,0.93,6.0627535627969,0.869939978404633,0.8560263355279607,0.0,0.999998653732093,0.007168930744228686
Mid,0.94,6.056571380948412,0.8701829898260237,0.8559463288607384,0.0,0.9999993313961434,0.006158846570547546
Mid,0.95,6.0463388615717975,0.8703401253536676,0.856144678723227,0.0,0.9999993936824243,0.006143845320443371
Mid,0.96,6.040605050420869,0.8704526794676309,0.8562546878906575,0.0,0.9999993382237194,0.006190515876323027
Mid,0.97,6.031045920493375,0.870675155958542,0.8562663555296275,0.0,0.9999994776933386,0.005718809900825068
Mid,0.98,6.025893824485374,0.870841092113197,0.8567647303941995,0.0,0.9999996392270779,0.00549879156596383
Mid,0.99,6.0204683723643635,0.8710043383400478,0.8567947328944079,0.0,0.9999998059101869,0.004925410450870906
Mid,1.0,11.49028752396033,0.7280198210698752,0.5696541378448204,0.0,1.0,0.0
Low,0.0,3.3448570714226187,0.4312531821523967,0.48047503958663224,0.20970914242853572,0.41624298218562156,0.6360863405283774
Low,0.1,6.9797566463872,0.836852487011119,0.7813001083423619,0.0,0.9941457536320217,0.11695307942328528
Low,0.2,6.469500791732644,0.8662579703779134,0.8479806650554214,0.0,0.9979117540369491,0.0755812984415368
Low,0.3,6.181416784732061,0.8804513393538702,0.8721276773064423,0.0,0.9993068568900336,0.043443620301691806
Low,0.4,5.895637969830819,0.8894277246627631,0.8853937828152346,0.0,0.9996679443395672,0.027252271022585213
Low,0.5,5.596929744145346,0.8955982763361685,0.8936778064838736,0.0,0.9998517458086974,0.015949662471872655
Low,0.6,5.386020501708476,0.8995090603513515,0.8995599633302775,0.0,0.9999671188303267,0.01087923993666139
Low,0.7,5.135476289690808,0.9026162719487131,0.9018584882073506,0.0,0.9999968431346329,0.007638969914159513
Low,0.8,4.981231769314109,0.9047409113072222,0.9017634802900242,0.0,0.9999987135429055,0.005772147678973248
Low,0.9,4.796879739978332,0.9065219716195145,0.9042036836403035,0.0,0.9999992469027836,0.004048670722560214
Low,0.91,4.43354612884407,0.9083734046814725,0.9043236936411367,0.0,0.9999992523984254,0.004043670305858822
Low,0.92,4.42949745812151,0.9084516738672607,0.9038453204433703,0.0,0.9999994399471053,0.0038503208600716727
Low,0.93,4.429684140345029,0.9084811363860488,0.9043770314192849,0.0,0.9999993683099949,0.0038869905825485458
Low,0.94,4.425270439203267,0.9086600096612494,0.9037036419701642,0.0,0.9999997716858501,0.0032786065505458787
Low,0.95,4.424508709059088,0.9086957353512927,0.9044403700308359,0.0,0.9999997830770175,0.003321943495291274
Low,0.96,4.420253354446204,0.9088305380912666,0.9049487457288107,0.0,0.9999997793361218,0.0032786065505458787
Low,0.97,4.41615467955663,0.9089284331634099,0.9048454037836486,0.0,0.9999998566106523,0.0030685890490874243
Low,0.98,4.4171597633136095,0.9089358303027323,0.9053621135094592,0.0,0.9999998790050999,0.0029802483540295023
Low,0.99,4.415527960663389,0.9090041904464738,0.9053421118426536,0.0,0.999999929714751,0.002751895991332611
Low,1.0,8.499166597216435,0.7721840004489804,0.6304808734061171,0.0,1.0,0.0
